dbd1234567,Shelbyadad,Terrellsaa,Maledsadsa,1945-10-26
dbd1234567,Shelbyadad,Terrellsaa,Maledsadsa,1945-10-26
dbd1234567,Shelbyadad,Terrellsaa,Maledsadsa,1945-10-26
dbd1234567,Shelbyadad,Terrellsaa,Maledsadsa,1945-10-26
dbd1234567,Shelbyadad,Terrellsaa,Maledsadsa,1945-10-26
dbd1234567,Shelbyadad,Terrellsaa,Maledsadsa,1945-10-26
dbd1234567,Shelbyadad,Terrellsaa,Maledsadsa,1945-10-26
dbd1234567,Shelbyadad,Terrellsaa,Maledsadsa,1945-10-26
dbd1234567,Shelbyadad,Terrellsaa,Maledsadsa,1945-10-26
dbd1234567,Shelbyadad,Terrellsaa,Maledsadsa,1945-10-26
dbd1234567,Shelbyadad,Terrellsaa,Maledsadsa,1945-10-26
dbd1234567,Shelbyadad,Terrellsaa,Maledsadsa,1945-10-26
dbd1234567,Shelbyadad,Terrellsaa,Maledsadsa,1945-10-26
dbd1234567,Shelbyadad,Terrellsaa,Maledsadsa,1945-10-26
dbd1234567,Shelbyadad,Terrellsaa,Maledsadsa,1945-10-26
dbd1234567,Shelbyadad,Terrellsaa,Maledsadsa,1945-10-26
dbd1234567,Shelbyadad,Terrellsaa,Maledsadsa,1945-10-26
dbd1234567,Shelbyadad,Terrellsaa,Maledsadsa,1945-10-26
dbd1234567,Shelbyadad,Terrellsaa,Maledsadsa,1945-10-26
dbd1234567,Shelbyadad,Terrellsaa,Maledsadsa,1945-10-26
dbd1234567,Shelbyadad,Terrellsaa,Maledsadsa,1945-10-26
dbd1234567,Shelbyadad,Terrellsaa,Maledsadsa,1945-10-26
dbd1234567,Shelbyadad,Terrellsaa,Maledsadsa,1945-10-26
dbd1234567,Shelbyadad,Terrellsaa,Maledsadsa,1945-10-26
dbd1234567,Shelbyadad,Terrellsaa,Maledsadsa,1945-10-26
dbd1234567,Shelbyadad,Terrellsaa,Maledsadsa,1945-10-26
dbd1234567,Shelbyadad,Terrellsaa,Maledsadsa,1945-10-26
dbd1234567,Shelbyadad,Terrellsaa,Maledsadsa,1945-10-26
dbd1234567,Shelbyadad,Terrellsaa,Maledsadsa,1945-10-26
dbd1234567,Shelbyadad,Terrellsaa,Maledsadsa,1945-10-26
dbd1234567,Shelbyadad,Terrellsaa,Maledsadsa,1945-10-26
dbd1234567,Shelbyadad,Terrellsaa,Maledsadsa,1945-10-26
dbd1234567,Shelbyadad,Terrellsaa,Maledsadsa,1945-10-26
dbd1234567,Shelbyadad,Terrellsaa,Maledsadsa,1945-10-26
dbd1234567,Shelbyadad,Terrellsaa,Maledsadsa,1945-10-26
dbd1234567,Shelbyadad,Terrellsaa,Maledsadsa,1945-10-26
dbd1234567,Shelbyadad,Terrellsaa,Maledsadsa,1945-10-26
dbd1234567,Shelbyadad,Terrellsaa,Maledsadsa,1945-10-26
dbd1234567,Shelbyadad,Terrellsaa,Maledsadsa,1945-10-26
dbd1234567,Shelbyadad,Terrellsaa,Maledsadsa,1945-10-26
dbd1234567,Shelbyadad,Terrellsaa,Maledsadsa,1945-10-26
dbd1234567,Shelbyadad,Terrellsaa,Maledsadsa,1945-10-26
dbd1234567,Shelbyadad,Terrellsaa,Maledsadsa,1945-10-26
dbd1234567,Shelbyadad,Terrellsaa,Maledsadsa,1945-10-26
dbd1234567,Shelbyadad,Terrellsaa,Maledsadsa,1945-10-26
dbd1234567,Shelbyadad,Terrellsaa,Maledsadsa,1945-10-26
dbd1234567,Shelbyadad,Terrellsaa,Maledsadsa,1945-10-26
dbd1234567,Shelbyadad,Terrellsaa,Maledsadsa,1945-10-26
dbd1234567,Shelbyadad,Terrellsaa,Maledsadsa,1945-10-26
dbd1234567,Shelbyadad,Terrellsaa,Maledsadsa,1945-10-26